signal,symbol,delay,fill,final_value,total_ret_pct,round_trips,hit_rate_pct,avg_hold_s,days
OFI,NVDA,0ms,touch,377255.4684911431,-62.27445315088569,12283,27.08621672229911,2.381185347011072,16
OFI,NVDA,0ms,mid,1754560.9743727085,75.45609743727084,12283,44.63893185703818,2.381185347011072,16
OFI,NVDA,100ms,touch,227745.01722075767,-77.22549827792423,12283,22.201416592037777,2.381185347011072,16
OFI,NVDA,100ms,mid,936135.9643921873,-6.3864035607812735,12283,36.5627289750061,2.381185347011072,16
OFI,NVDA,1s,touch,219188.77365746454,-78.08112263425355,12283,23.12952861678743,2.381185347011072,16
OFI,NVDA,1s,mid,908418.3232494551,-9.158167675054496,12283,39.81926239518033,2.381185347011072,16
OFI,QRVO,0ms,touch,486063.34608641773,-51.39366539135823,1288,7.919254658385093,2.3269157077236025,16
OFI,QRVO,0ms,mid,1193717.2455953483,19.37172455953482,1288,50.077639751552795,2.3269157077236025,16
OFI,QRVO,100ms,touch,437013.01201397006,-56.298698798602985,1288,4.503105590062112,2.3269157077236025,16
OFI,QRVO,100ms,mid,1096858.771453413,9.685877145341305,1288,36.49068322981366,2.3269157077236025,16
OFI,QRVO,1s,touch,411702.1224169,-58.829787758310005,1288,2.950310559006211,2.3269157077236025,16
OFI,QRVO,1s,mid,1047529.6852840339,4.75296852840339,1288,27.32919254658385,2.3269157077236025,16
OFI,EURUSD,0ms,touch,748438.3791862738,-25.156162081372624,5072,4.8698738170347005,2.2444137593379336,16
OFI,EURUSD,0ms,mid,1011479.2330445284,1.1479233044528359,5072,28.548895899053626,2.2444137593379336,16
OFI,EURUSD,100ms,touch,735760.2262423863,-26.423977375761375,5072,3.746056782334385,2.2444137593379336,16
OFI,EURUSD,100ms,mid,997570.5685018708,-0.2429431498129131,5072,24.152208201892744,2.2444137593379336,16
OFI,EURUSD,1s,touch,739839.8354874775,-26.016016451252256,5072,3.7854889589905363,2.2444137593379336,16
OFI,EURUSD,1s,mid,1003967.9536306253,0.3967953630625187,5072,24.645110410094638,2.2444137593379336,16
