symbol,day,delay,ret_bps,ret_mid_bps,trades
NVDA,2025-03-10,0ms,-1875.9323246477036,337.74214958359306,3233
NVDA,2025-03-10,100ms,-2293.115887682302,-208.59178151744308,3233
NVDA,2025-03-10,1s,-2505.8887962234016,-401.3881942783265,3233
NVDA,2025-03-11,0ms,-1355.808495572031,739.323564353525,3003
NVDA,2025-03-11,100ms,-1921.4162317234557,18.792477457150714,3003
NVDA,2025-03-11,1s,-2075.422876250792,-114.58827717820657,3003
NVDA,2025-03-12,0ms,-1179.7237069459482,269.5395224479162,2336
NVDA,2025-03-12,100ms,-1645.0157650203937,-335.9478105873664,2336
NVDA,2025-03-12,1s,-1556.4713808346535,-248.27150859934395,2336
NVDA,2025-03-13,0ms,-988.1511775087845,295.06693835814275,2007
NVDA,2025-03-13,100ms,-1515.3948746624358,-307.55882333970277,2007
NVDA,2025-03-13,1s,-1357.7386711018655,-130.51866032474095,2007
NVDA,2025-03-14,0ms,-661.515409404372,299.63245018187206,1695
NVDA,2025-03-14,100ms,-996.8381514362351,-135.70610970831538,1695
NVDA,2025-03-14,1s,-877.3171740783414,-2.905023755165778,1695
NVDA,2025-03-17,0ms,-320.85178705635207,423.3576826614136,1328
NVDA,2025-03-17,100ms,-587.5337918824731,81.25467334542117,1328
NVDA,2025-03-17,1s,-554.1985412792865,108.75625509313981,1328
NVDA,2025-03-18,0ms,-373.6055263207453,467.2216237207286,1329
NVDA,2025-03-18,100ms,-813.3435251166018,-21.901013611863895,1329
NVDA,2025-03-18,1s,-871.7462280817406,-67.85019903294037,1329
NVDA,2025-03-19,0ms,-405.02445790789034,363.928880065702,1253
NVDA,2025-03-19,100ms,-652.4452564624637,70.7521804085779,1253
NVDA,2025-03-19,1s,-679.5598645231685,31.77493132129606,1253
NVDA,2025-03-20,0ms,-359.6352398039769,80.85476117376247,696
NVDA,2025-03-20,100ms,-504.5000202403181,-92.22496196375276,696
NVDA,2025-03-20,1s,-524.7137105337163,-111.1752966138399,696
NVDA,2025-03-21,0ms,-239.73124708610607,374.15198205937367,944
NVDA,2025-03-21,100ms,-514.5659982098009,38.95632765148884,944
NVDA,2025-03-21,1s,-465.76356576726226,86.04639404339451,944
NVDA,2025-03-24,0ms,-164.00730531987824,341.20112765032513,918
NVDA,2025-03-24,100ms,-357.68427391359097,118.67865309578531,918
NVDA,2025-03-24,1s,-426.08933090634645,43.2682589412289,918
NVDA,2025-03-25,0ms,-309.160221349532,155.41118653860633,786
NVDA,2025-03-25,100ms,-492.8279872587932,-76.04344154160717,786
NVDA,2025-03-25,1s,-568.4558908685112,-140.45182098945688,786
NVDA,2025-03-26,0ms,-412.48238518683775,370.6237076202659,1383
NVDA,2025-03-26,100ms,-723.8062995877192,-17.00508776143064,1383
NVDA,2025-03-26,1s,-775.2575907631762,-67.58432315426995,1383
NVDA,2025-03-27,0ms,-258.7111565469126,430.74074002402756,1149
NVDA,2025-03-27,100ms,-458.74555593890915,148.91449732518134,1149
NVDA,2025-03-27,1s,-593.8799057503526,22.670565264456947,1149
NVDA,2025-03-28,0ms,-366.8856567700983,271.9857777293417,1052
NVDA,2025-03-28,100ms,-605.7245867962332,-34.50904692393965,1052
NVDA,2025-03-28,1s,-609.3571180514057,-34.963113330823944,1052
NVDA,2025-03-31,0ms,-476.20678964895365,407.2323935290226,1382
NVDA,2025-03-31,100ms,-709.585910766416,98.73732047283711,1382
NVDA,2025-03-31,1s,-734.1521340419562,71.80896034381648,1382
QRVO,2025-03-10,0ms,-838.7620073396665,296.1124658499512,340
QRVO,2025-03-10,100ms,-980.7888009147578,174.1838034411509,340
QRVO,2025-03-10,1s,-1031.7040665360314,116.56916076445641,340
QRVO,2025-03-11,0ms,-1065.3462722328945,209.69167049234485,222
QRVO,2025-03-11,100ms,-1161.0444842696877,149.8802879693582,222
QRVO,2025-03-11,1s,-1268.0013094872916,56.99672922777391,222
QRVO,2025-03-12,0ms,-480.01033255180727,115.0024755072257,185
QRVO,2025-03-12,100ms,-565.7264633646099,66.43000137993727,185
QRVO,2025-03-12,1s,-618.584744032507,41.429463226216306,185
QRVO,2025-03-13,0ms,-744.4270797705509,176.65603553146673,217
QRVO,2025-03-13,100ms,-809.855241078504,97.41526239180261,217
QRVO,2025-03-13,1s,-900.0007077694577,45.79971291558741,217
QRVO,2025-03-14,0ms,-309.0179099763248,126.41641771761101,118
QRVO,2025-03-14,100ms,-441.0528351480262,40.03186561057366,118
QRVO,2025-03-14,1s,-478.9777604633404,29.497164134059005,118
QRVO,2025-03-17,0ms,-144.26366577854898,43.27909973356742,56
QRVO,2025-03-17,100ms,-162.12488154161974,32.2875823409253,56
QRVO,2025-03-17,1s,-162.12488154161196,32.28758234091749,56
QRVO,2025-03-18,0ms,-313.07649129590226,47.10000311532936,124
QRVO,2025-03-18,100ms,-368.48825966685644,6.233823941755032,124
QRVO,2025-03-18,1s,-390.65296701525233,-7.619118150992369,124
QRVO,2025-03-19,0ms,-399.97933164250804,74.73662252142667,117
QRVO,2025-03-19,100ms,-463.64386193854494,22.144184450799205,117
QRVO,2025-03-19,1s,-496.8601386147359,-3.4600288204258214,117
QRVO,2025-03-20,0ms,-366.516114354237,91.97479850777823,153
QRVO,2025-03-20,100ms,-419.07314207292865,60.16396594119,153
QRVO,2025-03-20,1s,-432.90393884105134,30.427752889783033,153
QRVO,2025-03-21,0ms,-784.5941134675418,350.78414067727914,379
QRVO,2025-03-21,100ms,-909.1328616369608,198.57011513680197,379
QRVO,2025-03-21,1s,-972.7859995902992,120.38745656378242,379
QRVO,2025-03-24,0ms,-203.65620039635456,60.823496091518294,95
QRVO,2025-03-24,100ms,-247.39444477677668,12.301381231991963,95
QRVO,2025-03-24,1s,-258.3290058718662,9.56774095821813,95
QRVO,2025-03-25,0ms,-224.50312185363728,48.10781182575012,100
QRVO,2025-03-25,100ms,-257.9113245104267,14.699609168983473,100
QRVO,2025-03-25,1s,-248.5570277665247,28.731054284837466,100
QRVO,2025-03-26,0ms,-348.29262112035485,32.694134932690936,124
QRVO,2025-03-26,100ms,-373.6472563743337,28.023544228076883,124
QRVO,2025-03-26,1s,-405.67416406351873,11.342863139950916,124
QRVO,2025-03-27,0ms,-185.73228005855694,10.845680587344173,70
QRVO,2025-03-27,100ms,-231.8264225548352,-23.047071248143933,70
QRVO,2025-03-27,1s,-246.73923336244596,-34.57060687219953,70
QRVO,2025-03-28,0ms,-634.7211948262592,27.02415567489497,172
QRVO,2025-03-28,100ms,-670.7534023928127,28.410009812067,172
QRVO,2025-03-28,1s,-742.8178175259159,-28.410009812102448,172
QRVO,2025-03-31,0ms,-180.17912366070976,56.567864405098774,92
QRVO,2025-03-31,100ms,-222.0812454422583,16.06248001627374,92
QRVO,2025-03-31,1s,-224.87472022770731,15.364111319912977,92
EURUSD,2025-03-10,0ms,-160.0830493015279,-2.76800661615696,548
EURUSD,2025-03-10,100ms,-165.15772809783786,-8.99602150256185,548
EURUSD,2025-03-10,1s,-157.3150426853484,0.922668872044808,548
EURUSD,2025-03-11,0ms,-273.20905540683054,1.8305464348708207,900
EURUSD,2025-03-11,100ms,-296.09088584300844,-13.04264334849677,900
EURUSD,2025-03-11,1s,-280.07360453775567,-0.4576366086760427,900
EURUSD,2025-03-12,0ms,-166.9199021304953,2.7514269581211948,526
EURUSD,2025-03-12,100ms,-180.6770369214556,-7.566424135087334,526
EURUSD,2025-03-12,1s,-195.80988519159771,-22.46998682521136,526
EURUSD,2025-03-13,0ms,-75.96754347017222,11.049824504700466,258
EURUSD,2025-03-13,100ms,-81.03204636818235,3.2228654805208525,258
EURUSD,2025-03-13,1s,-90.2402334554651,-6.215526283964167,258
EURUSD,2025-03-14,0ms,-0.459514938786964,0.22975746939552263,2
EURUSD,2025-03-14,100ms,-0.9190298775759685,-0.0,2
EURUSD,2025-03-14,1s,-2.2975746939409416,-1.3785448163649732,2
EURUSD,2025-03-17,0ms,-151.78104142444647,12.306570926290988,546
EURUSD,2025-03-17,100ms,-162.2644166579398,7.292782771125804,546
EURUSD,2025-03-17,1s,-165.45500912030732,6.1532854631414455,546
EURUSD,2025-03-18,0ms,-249.57361776186207,11.15794458967733,860
EURUSD,2025-03-18,100ms,-264.1472596749999,-3.415697323371519,860
EURUSD,2025-03-18,1s,-257.3158650282245,7.9699604212905495,860
EURUSD,2025-03-19,0ms,-176.3634129913344,3.1983002355960495,594
EURUSD,2025-03-19,100ms,-181.8462133951716,-2.96985021875834,594
EURUSD,2025-03-19,1s,-181.84621339517972,0.22845001682553556,594
EURUSD,2025-03-20,0ms,-216.7519686838772,-10.332456134367412,720
EURUSD,2025-03-20,100ms,-226.39559440916278,-20.435302132315755,720
EURUSD,2025-03-20,1s,-218.5888497743814,-5.7402534078887655,720
EURUSD,2025-03-21,0ms,-178.45314553519287,17.70733531721672,668
EURUSD,2025-03-21,100ms,-192.71099994650697,7.818823386814505,668
EURUSD,2025-03-21,1s,-200.98975412082925,3.679446299696277,668
EURUSD,2025-03-24,0ms,-170.0359896390513,0.6912032098866593,568
EURUSD,2025-03-24,100ms,-172.80080247869208,2.534411769641034,568
EURUSD,2025-03-24,1s,-156.21192544075333,16.128074898023186,568
EURUSD,2025-03-25,0ms,-205.80378930792057,3.22287813241792,702
EURUSD,2025-03-25,100ms,-218.69530183729373,-7.5967841690643025,702
EURUSD,2025-03-25,1s,-218.23489067556267,-9.208223235218057,702
EURUSD,2025-03-26,0ms,-208.325289878591,6.004941836891515,726
EURUSD,2025-03-26,100ms,-226.80203399197651,-6.4668604396393805,726
EURUSD,2025-03-26,1s,-205.55377826159304,10.855087166656949,726
EURUSD,2025-03-27,0ms,-195.52591492149756,6.456044360592466,716
EURUSD,2025-03-27,100ms,-204.2876894109054,0.46114602575119246,716
EURUSD,2025-03-27,1s,-195.98706094723033,10.145212566749453,716
EURUSD,2025-03-28,0ms,-250.6579486332252,4.8291898361018415,910
EURUSD,2025-03-28,100ms,-250.65794863323745,4.599228415242008,910
EURUSD,2025-03-28,1s,-247.8984115840653,7.588726885245412,910
EURUSD,2025-03-31,0ms,-217.48190230528272,45.84629084618799,899
EURUSD,2025-03-31,100ms,-243.74560660914173,20.273736655571497,899
EURUSD,2025-03-31,1s,-239.1379391873925,21.425653511036433,899
