interval,symbol,delay,fill,day,ret_bps
30s,NVDA,0ms,touch,2025-03-10,-101.19805960475234
30s,NVDA,0ms,touch,2025-03-11,198.48858469383703
30s,NVDA,0ms,touch,2025-03-12,20.25583206368031
30s,NVDA,0ms,touch,2025-03-13,-15.028699802889719
30s,NVDA,0ms,touch,2025-03-14,-92.58087882354425
30s,NVDA,0ms,touch,2025-03-17,350.49473380227096
30s,NVDA,0ms,touch,2025-03-18,-101.46996249015633
30s,NVDA,0ms,touch,2025-03-19,79.78476298022731
30s,NVDA,0ms,touch,2025-03-20,-265.30645502166846
30s,NVDA,0ms,touch,2025-03-21,-93.82597234431331
30s,NVDA,0ms,touch,2025-03-24,-139.6524206270304
30s,NVDA,0ms,touch,2025-03-25,-148.92579943808988
30s,NVDA,0ms,touch,2025-03-26,28.20781297655402
30s,NVDA,0ms,touch,2025-03-27,37.07396360332417
30s,NVDA,0ms,touch,2025-03-28,-53.379438105877654
30s,NVDA,0ms,touch,2025-03-31,-50.2060777092106
30s,NVDA,0ms,mid,2025-03-10,-91.51030491033917
30s,NVDA,0ms,mid,2025-03-11,208.79627823790932
30s,NVDA,0ms,mid,2025-03-12,26.80124665884828
30s,NVDA,0ms,mid,2025-03-13,-6.841273380900795
30s,NVDA,0ms,mid,2025-03-14,-84.7542235600716
30s,NVDA,0ms,mid,2025-03-17,353.05304014229796
30s,NVDA,0ms,mid,2025-03-18,-89.59568597561925
30s,NVDA,0ms,mid,2025-03-19,85.34531825960444
30s,NVDA,0ms,mid,2025-03-20,-259.5590313276697
30s,NVDA,0ms,mid,2025-03-21,-86.59792263712005
30s,NVDA,0ms,mid,2025-03-24,-131.50715565871826
30s,NVDA,0ms,mid,2025-03-25,-141.55987244481835
30s,NVDA,0ms,mid,2025-03-26,36.10418211465636
30s,NVDA,0ms,mid,2025-03-27,43.304447645967436
30s,NVDA,0ms,mid,2025-03-28,-48.4082494506602
30s,NVDA,0ms,mid,2025-03-31,-42.140311181211246
30s,NVDA,100ms,touch,2025-03-10,-102.11216148024076
30s,NVDA,100ms,touch,2025-03-11,207.03019751602034
30s,NVDA,100ms,touch,2025-03-12,6.4137910902869395
30s,NVDA,100ms,touch,2025-03-13,-15.761310903176799
30s,NVDA,100ms,touch,2025-03-14,-94.22977940125718
30s,NVDA,100ms,touch,2025-03-17,352.17410424344007
30s,NVDA,100ms,touch,2025-03-18,-100.6124348580348
30s,NVDA,100ms,touch,2025-03-19,78.92822110709837
30s,NVDA,100ms,touch,2025-03-20,-267.8075630972071
30s,NVDA,100ms,touch,2025-03-21,-90.44054761828222
30s,NVDA,100ms,touch,2025-03-24,-138.03171029634703
30s,NVDA,100ms,touch,2025-03-25,-149.7469280733737
30s,NVDA,100ms,touch,2025-03-26,28.207812976553996
30s,NVDA,100ms,touch,2025-03-27,35.301391426004884
30s,NVDA,100ms,touch,2025-03-28,-53.37943810587756
30s,NVDA,100ms,touch,2025-03-31,-48.29852519343549
30s,NVDA,100ms,mid,2025-03-10,-92.90850326606422
30s,NVDA,100ms,mid,2025-03-11,216.43605003768639
30s,NVDA,100ms,mid,2025-03-12,14.23099802677437
30s,NVDA,100ms,mid,2025-03-13,-9.73660542233302
30s,NVDA,100ms,mid,2025-03-14,-86.82822151323452
30s,NVDA,100ms,mid,2025-03-17,355.15225056627236
30s,NVDA,100ms,mid,2025-03-18,-89.17035967648063
30s,NVDA,100ms,mid,2025-03-19,84.05974205587313
30s,NVDA,100ms,mid,2025-03-20,-261.23193841852805
30s,NVDA,100ms,mid,2025-03-21,-84.49527977100551
30s,NVDA,100ms,mid,2025-03-24,-128.64016467385025
30s,NVDA,100ms,mid,2025-03-25,-142.38178439096592
30s,NVDA,100ms,mid,2025-03-26,36.10418211465616
30s,NVDA,100ms,mid,2025-03-27,40.636363593049616
30s,NVDA,100ms,mid,2025-03-28,-48.40824945066097
30s,NVDA,100ms,mid,2025-03-31,-41.6586240440199
30s,NVDA,1s,touch,2025-03-10,-96.82844747593744
30s,NVDA,1s,touch,2025-03-11,206.10809816365168
30s,NVDA,1s,touch,2025-03-12,25.71855032258183
30s,NVDA,1s,touch,2025-03-13,-11.359924872084692
30s,NVDA,1s,touch,2025-03-14,-93.44386384660557
30s,NVDA,1s,touch,2025-03-17,353.01358010101984
30s,NVDA,1s,touch,2025-03-18,-113.26549054435323
30s,NVDA,1s,touch,2025-03-19,71.29531460766906
30s,NVDA,1s,touch,2025-03-20,-270.2113678746843
30s,NVDA,1s,touch,2025-03-21,-92.07464462761106
30s,NVDA,1s,touch,2025-03-24,-130.70511965275293
30s,NVDA,1s,touch,2025-03-25,-149.74936659993327
30s,NVDA,1s,touch,2025-03-26,35.14088335287316
30s,NVDA,1s,touch,2025-03-27,33.492261182017266
30s,NVDA,1s,touch,2025-03-28,-54.34857099317306
30s,NVDA,1s,touch,2025-03-31,-48.23002693409129
30s,NVDA,1s,mid,2025-03-10,-85.76673372119664
30s,NVDA,1s,mid,2025-03-11,215.47529974423918
30s,NVDA,1s,mid,2025-03-12,31.810177012536194
30s,NVDA,1s,mid,2025-03-13,-3.191110271821054
30s,NVDA,1s,mid,2025-03-14,-85.22097910984868
30s,NVDA,1s,mid,2025-03-17,355.57198797404726
30s,NVDA,1s,mid,2025-03-18,-103.10200823352997
30s,NVDA,1s,mid,2025-03-19,77.6904321495465
30s,NVDA,1s,mid,2025-03-20,-262.82047055729447
30s,NVDA,1s,mid,2025-03-21,-83.57977789164265
30s,NVDA,1s,mid,2025-03-24,-122.14241314163638
30s,NVDA,1s,mid,2025-03-25,-142.3801831451061
30s,NVDA,1s,mid,2025-03-26,41.72583571292154
30s,NVDA,1s,mid,2025-03-27,38.82635340844193
30s,NVDA,1s,mid,2025-03-28,-48.936271664202856
30s,NVDA,1s,mid,2025-03-31,-41.11899092818857
1s,NVDA,0ms,touch,2025-03-10,-600.5242961318128
1s,NVDA,0ms,touch,2025-03-11,719.1494256577838
1s,NVDA,0ms,touch,2025-03-12,-289.5256376752915
1s,NVDA,0ms,touch,2025-03-13,-236.26116459850192
1s,NVDA,0ms,touch,2025-03-14,182.02185729737232
1s,NVDA,0ms,touch,2025-03-17,-882.3625542772907
1s,NVDA,0ms,touch,2025-03-18,-421.44916923756625
1s,NVDA,0ms,touch,2025-03-19,-362.91687103234284
1s,NVDA,0ms,touch,2025-03-20,-338.2881492251437
1s,NVDA,0ms,touch,2025-03-21,-609.7913270920565
1s,NVDA,0ms,touch,2025-03-24,-651.1737755446138
1s,NVDA,0ms,touch,2025-03-25,-463.1929831029625
1s,NVDA,0ms,touch,2025-03-26,-450.0581848751552
1s,NVDA,0ms,touch,2025-03-27,-476.9015505467297
1s,NVDA,0ms,touch,2025-03-28,-529.7198651796624
1s,NVDA,0ms,touch,2025-03-31,12.980867970782716
1s,NVDA,0ms,mid,2025-03-10,-352.68382366984497
1s,NVDA,0ms,mid,2025-03-11,973.9221667707718
1s,NVDA,0ms,mid,2025-03-12,-79.5200561435602
1s,NVDA,0ms,mid,2025-03-13,19.993159985135247
1s,NVDA,0ms,mid,2025-03-14,367.4506115954095
1s,NVDA,0ms,mid,2025-03-17,-674.092353247043
1s,NVDA,0ms,mid,2025-03-18,-147.32176621990848
1s,NVDA,0ms,mid,2025-03-19,-144.09899023920647
1s,NVDA,0ms,mid,2025-03-20,-116.42000146708617
1s,NVDA,0ms,mid,2025-03-21,-386.6010275091849
1s,NVDA,0ms,mid,2025-03-24,-467.20713129040075
1s,NVDA,0ms,mid,2025-03-25,-284.11450960611353
1s,NVDA,0ms,mid,2025-03-26,-251.982408646114
1s,NVDA,0ms,mid,2025-03-27,-259.7157288564274
1s,NVDA,0ms,mid,2025-03-28,-316.0619474920022
1s,NVDA,0ms,mid,2025-03-31,236.4088533047165
1s,NVDA,100ms,touch,2025-03-10,-584.6695885459787
1s,NVDA,100ms,touch,2025-03-11,678.7707287882057
1s,NVDA,100ms,touch,2025-03-12,-248.14291637341339
1s,NVDA,100ms,touch,2025-03-13,-254.0535141190887
1s,NVDA,100ms,touch,2025-03-14,156.53075423043137
1s,NVDA,100ms,touch,2025-03-17,-871.5704189211507
1s,NVDA,100ms,touch,2025-03-18,-446.04366451653397
1s,NVDA,100ms,touch,2025-03-19,-386.05532194290424
1s,NVDA,100ms,touch,2025-03-20,-340.8013986761367
1s,NVDA,100ms,touch,2025-03-21,-613.8101726771838
1s,NVDA,100ms,touch,2025-03-24,-652.7632863095537
1s,NVDA,100ms,touch,2025-03-25,-454.4871038085473
1s,NVDA,100ms,touch,2025-03-26,-431.85491256031594
1s,NVDA,100ms,touch,2025-03-27,-474.28745428171624
1s,NVDA,100ms,touch,2025-03-28,-530.3660056738173
1s,NVDA,100ms,touch,2025-03-31,7.167071699223656
1s,NVDA,100ms,mid,2025-03-10,-344.1841874190524
1s,NVDA,100ms,mid,2025-03-11,935.8147935111965
1s,NVDA,100ms,mid,2025-03-12,-38.979930487071734
1s,NVDA,100ms,mid,2025-03-13,-11.195953218813834
1s,NVDA,100ms,mid,2025-03-14,337.64143627546537
1s,NVDA,100ms,mid,2025-03-17,-668.1955577344212
1s,NVDA,100ms,mid,2025-03-18,-188.292888619112
1s,NVDA,100ms,mid,2025-03-19,-169.3789099018858
1s,NVDA,100ms,mid,2025-03-20,-116.88000360490159
1s,NVDA,100ms,mid,2025-03-21,-394.83993295244295
1s,NVDA,100ms,mid,2025-03-24,-466.4724507760514
1s,NVDA,100ms,mid,2025-03-25,-273.24605174555796
1s,NVDA,100ms,mid,2025-03-26,-232.13804976261187
1s,NVDA,100ms,mid,2025-03-27,-263.5284802921962
1s,NVDA,100ms,mid,2025-03-28,-324.13069807499994
1s,NVDA,100ms,mid,2025-03-31,226.70394529258624
1s,NVDA,1s,touch,2025-03-10,-593.9058492770814
1s,NVDA,1s,touch,2025-03-11,635.0715771286739
1s,NVDA,1s,touch,2025-03-12,-185.9172726384325
1s,NVDA,1s,touch,2025-03-13,-291.7160221245669
1s,NVDA,1s,touch,2025-03-14,95.10184472528785
1s,NVDA,1s,touch,2025-03-17,-947.8918830130353
1s,NVDA,1s,touch,2025-03-18,-469.35985033131226
1s,NVDA,1s,touch,2025-03-19,-300.01822045882926
1s,NVDA,1s,touch,2025-03-20,-345.5518246906885
1s,NVDA,1s,touch,2025-03-21,-585.8120981923623
1s,NVDA,1s,touch,2025-03-24,-671.5375613238382
1s,NVDA,1s,touch,2025-03-25,-431.40445901232323
1s,NVDA,1s,touch,2025-03-26,-467.80890895114703
1s,NVDA,1s,touch,2025-03-27,-530.0839981361352
1s,NVDA,1s,touch,2025-03-28,-524.4793327062715
1s,NVDA,1s,touch,2025-03-31,-91.0872669886366
1s,NVDA,1s,mid,2025-03-10,-352.27493599526696
1s,NVDA,1s,mid,2025-03-11,896.9445282609553
1s,NVDA,1s,mid,2025-03-12,21.83602035625522
1s,NVDA,1s,mid,2025-03-13,-39.50862454178174
1s,NVDA,1s,mid,2025-03-14,267.4781042780155
1s,NVDA,1s,mid,2025-03-17,-747.3438505103633
1s,NVDA,1s,mid,2025-03-18,-215.53478527510387
1s,NVDA,1s,mid,2025-03-19,-68.79209305568851
1s,NVDA,1s,mid,2025-03-20,-121.35776878112414
1s,NVDA,1s,mid,2025-03-21,-368.28514736967014
1s,NVDA,1s,mid,2025-03-24,-481.6318400070654
1s,NVDA,1s,mid,2025-03-25,-251.74453532391723
1s,NVDA,1s,mid,2025-03-26,-267.949459395115
1s,NVDA,1s,mid,2025-03-27,-329.1784263267095
1s,NVDA,1s,mid,2025-03-28,-311.1688343177706
1s,NVDA,1s,mid,2025-03-31,131.98330030512537
30s,QRVO,0ms,touch,2025-03-10,194.4286811036628
30s,QRVO,0ms,touch,2025-03-11,364.12218236616957
30s,QRVO,0ms,touch,2025-03-12,1.6587443834308637
30s,QRVO,0ms,touch,2025-03-13,55.37662278967287
30s,QRVO,0ms,touch,2025-03-14,42.65965809681119
30s,QRVO,0ms,touch,2025-03-17,101.2642993031955
30s,QRVO,0ms,touch,2025-03-18,-199.39258041763813
30s,QRVO,0ms,touch,2025-03-19,34.327774817276946
30s,QRVO,0ms,touch,2025-03-20,123.63983301327207
30s,QRVO,0ms,touch,2025-03-21,225.7249916928547
30s,QRVO,0ms,touch,2025-03-24,-80.2861961836479
30s,QRVO,0ms,touch,2025-03-25,277.31215588525345
30s,QRVO,0ms,touch,2025-03-26,-177.60280252985393
30s,QRVO,0ms,touch,2025-03-27,151.0376525483361
30s,QRVO,0ms,touch,2025-03-28,148.54170508062336
30s,QRVO,0ms,touch,2025-03-31,-75.9149013698064
30s,QRVO,0ms,mid,2025-03-10,234.24742413559113
30s,QRVO,0ms,mid,2025-03-11,420.0540387057136
30s,QRVO,0ms,mid,2025-03-12,68.00734910202499
30s,QRVO,0ms,mid,2025-03-13,129.7991343253987
30s,QRVO,0ms,mid,2025-03-14,106.40442834815566
30s,QRVO,0ms,mid,2025-03-17,126.3736099539889
30s,QRVO,0ms,mid,2025-03-18,-127.16802777718256
30s,QRVO,0ms,mid,2025-03-19,78.90093300531389
30s,QRVO,0ms,mid,2025-03-20,161.4734176978437
30s,QRVO,0ms,mid,2025-03-21,267.9269308657948
30s,QRVO,0ms,mid,2025-03-24,-19.141051124312387
30s,QRVO,0ms,mid,2025-03-25,301.49942938871874
30s,QRVO,0ms,mid,2025-03-26,-107.25923981375259
30s,QRVO,0ms,mid,2025-03-27,211.52666342956576
30s,QRVO,0ms,mid,2025-03-28,186.30421738604363
30s,QRVO,0ms,mid,2025-03-31,-29.070957936668293
30s,QRVO,100ms,touch,2025-03-10,194.4286811036628
30s,QRVO,100ms,touch,2025-03-11,364.12218236616957
30s,QRVO,100ms,touch,2025-03-12,1.6587443834308637
30s,QRVO,100ms,touch,2025-03-13,55.37662278967287
30s,QRVO,100ms,touch,2025-03-14,42.65965809681119
30s,QRVO,100ms,touch,2025-03-17,101.2642993031955
30s,QRVO,100ms,touch,2025-03-18,-202.11913693998378
30s,QRVO,100ms,touch,2025-03-19,34.32777481727656
30s,QRVO,100ms,touch,2025-03-20,123.63983301327356
30s,QRVO,100ms,touch,2025-03-21,225.7249916928547
30s,QRVO,100ms,touch,2025-03-24,-80.28619618364885
30s,QRVO,100ms,touch,2025-03-25,277.3121558852527
30s,QRVO,100ms,touch,2025-03-26,-177.60280252985345
30s,QRVO,100ms,touch,2025-03-27,151.0376525483346
30s,QRVO,100ms,touch,2025-03-28,148.54170508062464
30s,QRVO,100ms,touch,2025-03-31,-78.7053107565356
30s,QRVO,100ms,mid,2025-03-10,234.24742413559113
30s,QRVO,100ms,mid,2025-03-11,420.0540387057136
30s,QRVO,100ms,mid,2025-03-12,68.00734910202499
30s,QRVO,100ms,mid,2025-03-13,129.7991343253987
30s,QRVO,100ms,mid,2025-03-14,106.40442834815566
30s,QRVO,100ms,mid,2025-03-17,126.3736099539889
30s,QRVO,100ms,mid,2025-03-18,-128.54049347151908
30s,QRVO,100ms,mid,2025-03-19,78.9009330053138
30s,QRVO,100ms,mid,2025-03-20,161.4734176978445
30s,QRVO,100ms,mid,2025-03-21,267.92693086579317
30s,QRVO,100ms,mid,2025-03-24,-19.141051124311026
30s,QRVO,100ms,mid,2025-03-25,301.49942938871766
30s,QRVO,100ms,mid,2025-03-26,-107.25923981375331
30s,QRVO,100ms,mid,2025-03-27,211.52666342956582
30s,QRVO,100ms,mid,2025-03-28,186.30421738604525
30s,QRVO,100ms,mid,2025-03-31,-30.472553067425885
30s,QRVO,1s,touch,2025-03-10,194.4286811036628
30s,QRVO,1s,touch,2025-03-11,364.12218236616957
30s,QRVO,1s,touch,2025-03-12,-1.165386279957003
30s,QRVO,1s,touch,2025-03-13,56.81454308464973
30s,QRVO,1s,touch,2025-03-14,44.08213113620243
30s,QRVO,1s,touch,2025-03-17,101.26429930319571
30s,QRVO,1s,touch,2025-03-18,-202.11913693998505
30s,QRVO,1s,touch,2025-03-19,20.460184635783044
30s,QRVO,1s,touch,2025-03-20,123.6398330132708
30s,QRVO,1s,touch,2025-03-21,225.72499169285572
30s,QRVO,1s,touch,2025-03-24,-80.28338071495138
30s,QRVO,1s,touch,2025-03-25,277.3121558852517
30s,QRVO,1s,touch,2025-03-26,-169.78864405931088
30s,QRVO,1s,touch,2025-03-27,151.03765254833436
30s,QRVO,1s,touch,2025-03-28,145.723042409749
30s,QRVO,1s,touch,2025-03-31,-78.70531075653537
30s,QRVO,1s,mid,2025-03-10,234.24742413559113
30s,QRVO,1s,mid,2025-03-11,420.0540387057136
30s,QRVO,1s,mid,2025-03-12,62.32683152018799
30s,QRVO,1s,mid,2025-03-13,136.37506530906265
30s,QRVO,1s,mid,2025-03-14,107.12129630306823
30s,QRVO,1s,mid,2025-03-17,126.37360995398865
30s,QRVO,1s,mid,2025-03-18,-125.78153368749527
30s,QRVO,1s,mid,2025-03-19,62.16873412629711
30s,QRVO,1s,mid,2025-03-20,161.47341769784506
30s,QRVO,1s,mid,2025-03-21,267.92693086579317
30s,QRVO,1s,mid,2025-03-24,-20.502836028041255
30s,QRVO,1s,mid,2025-03-25,301.49942938871686
30s,QRVO,1s,mid,2025-03-26,-99.39954111656964
30s,QRVO,1s,mid,2025-03-27,211.52666342956675
30s,QRVO,1s,mid,2025-03-28,184.89012681956822
30s,QRVO,1s,mid,2025-03-31,-30.472553067425874
1s,QRVO,0ms,touch,2025-03-10,-1219.762080466887
1s,QRVO,0ms,touch,2025-03-11,-895.6508981795427
1s,QRVO,0ms,touch,2025-03-12,-823.9529466888899
1s,QRVO,0ms,touch,2025-03-13,-1065.0467236249729
1s,QRVO,0ms,touch,2025-03-14,-1072.2024529342598
1s,QRVO,0ms,touch,2025-03-17,-1500.923132730727
1s,QRVO,0ms,touch,2025-03-18,-1075.1477435267275
1s,QRVO,0ms,touch,2025-03-19,-1308.2230392146705
1s,QRVO,0ms,touch,2025-03-20,-972.5559762452496
1s,QRVO,0ms,touch,2025-03-21,-984.5786721015922
1s,QRVO,0ms,touch,2025-03-24,-880.1917655336557
1s,QRVO,0ms,touch,2025-03-25,-765.34925421454
1s,QRVO,0ms,touch,2025-03-26,-687.8165183857939
1s,QRVO,0ms,touch,2025-03-27,-1515.8505330141552
1s,QRVO,0ms,touch,2025-03-28,-818.969679272847
1s,QRVO,0ms,touch,2025-03-31,-579.2826112036873
1s,QRVO,0ms,mid,2025-03-10,512.0799915763083
1s,QRVO,0ms,mid,2025-03-11,1441.015803468232
1s,QRVO,0ms,mid,2025-03-12,740.5450729666163
1s,QRVO,0ms,mid,2025-03-13,541.8024288537064
1s,QRVO,0ms,mid,2025-03-14,379.8863184616466
1s,QRVO,0ms,mid,2025-03-17,170.62834826144027
1s,QRVO,0ms,mid,2025-03-18,452.92226974411534
1s,QRVO,0ms,mid,2025-03-19,240.02337830219975
1s,QRVO,0ms,mid,2025-03-20,537.3828922100721
1s,QRVO,0ms,mid,2025-03-21,201.5378692795664
1s,QRVO,0ms,mid,2025-03-24,455.8014524921076
1s,QRVO,0ms,mid,2025-03-25,522.1744334018631
1s,QRVO,0ms,mid,2025-03-26,459.5737198959427
1s,QRVO,0ms,mid,2025-03-27,422.57234882932386
1s,QRVO,0ms,mid,2025-03-28,653.3862401195688
1s,QRVO,0ms,mid,2025-03-31,789.5109878389129
1s,QRVO,100ms,touch,2025-03-10,-1222.190621358261
1s,QRVO,100ms,touch,2025-03-11,-967.7225254612906
1s,QRVO,100ms,touch,2025-03-12,-857.3654250547196
1s,QRVO,100ms,touch,2025-03-13,-1114.137256385021
1s,QRVO,100ms,touch,2025-03-14,-1066.6627943960998
1s,QRVO,100ms,touch,2025-03-17,-1493.8867236800568
1s,QRVO,100ms,touch,2025-03-18,-1077.6150315107682
1s,QRVO,100ms,touch,2025-03-19,-1337.0439355370531
1s,QRVO,100ms,touch,2025-03-20,-992.5048018862663
1s,QRVO,100ms,touch,2025-03-21,-912.1499988217073
1s,QRVO,100ms,touch,2025-03-24,-897.6228496251061
1s,QRVO,100ms,touch,2025-03-25,-787.8301098578639
1s,QRVO,100ms,touch,2025-03-26,-710.2078173834747
1s,QRVO,100ms,touch,2025-03-27,-1520.4924256839606
1s,QRVO,100ms,touch,2025-03-28,-826.5325750433735
1s,QRVO,100ms,touch,2025-03-31,-584.5040700046649
1s,QRVO,100ms,mid,2025-03-10,506.91458033709785
1s,QRVO,100ms,mid,2025-03-11,1407.763681369905
1s,QRVO,100ms,mid,2025-03-12,713.5786562235231
1s,QRVO,100ms,mid,2025-03-13,520.4707583985921
1s,QRVO,100ms,mid,2025-03-14,381.6094326856483
1s,QRVO,100ms,mid,2025-03-17,188.91161716043214
1s,QRVO,100ms,mid,2025-03-18,451.4475357531851
1s,QRVO,100ms,mid,2025-03-19,233.0046586159037
1s,QRVO,100ms,mid,2025-03-20,498.11473574894666
1s,QRVO,100ms,mid,2025-03-21,282.8662098362667
1s,QRVO,100ms,mid,2025-03-24,460.10933420440887
1s,QRVO,100ms,mid,2025-03-25,523.4079927587052
1s,QRVO,100ms,mid,2025-03-26,451.2885807818213
1s,QRVO,100ms,mid,2025-03-27,422.5539152447896
1s,QRVO,100ms,mid,2025-03-28,629.9234575855253
1s,QRVO,100ms,mid,2025-03-31,801.694596214154
1s,QRVO,1s,touch,2025-03-10,-1310.1000109371869
1s,QRVO,1s,touch,2025-03-11,-1119.3981758876628
1s,QRVO,1s,touch,2025-03-12,-929.798935347877
1s,QRVO,1s,touch,2025-03-13,-1242.4732701967428
1s,QRVO,1s,touch,2025-03-14,-1128.992357295843
1s,QRVO,1s,touch,2025-03-17,-1535.9351726981868
1s,QRVO,1s,touch,2025-03-18,-1126.913573946891
1s,QRVO,1s,touch,2025-03-19,-1375.4859443947835
1s,QRVO,1s,touch,2025-03-20,-1027.6910042049287
1s,QRVO,1s,touch,2025-03-21,-1107.6608528740705
1s,QRVO,1s,touch,2025-03-24,-964.4863547381082
1s,QRVO,1s,touch,2025-03-25,-829.533537445502
1s,QRVO,1s,touch,2025-03-26,-776.3585124536096
1s,QRVO,1s,touch,2025-03-27,-1516.0707054708614
1s,QRVO,1s,touch,2025-03-28,-883.4007987962053
1s,QRVO,1s,touch,2025-03-31,-650.198272131599
1s,QRVO,1s,mid,2025-03-10,415.45568926983395
1s,QRVO,1s,mid,2025-03-11,1197.948102565204
1s,QRVO,1s,mid,2025-03-12,696.704241647308
1s,QRVO,1s,mid,2025-03-13,420.0361587878723
1s,QRVO,1s,mid,2025-03-14,382.2932269176803
1s,QRVO,1s,mid,2025-03-17,151.27881017309153
1s,QRVO,1s,mid,2025-03-18,426.9958335796543
1s,QRVO,1s,mid,2025-03-19,221.36972494787813
1s,QRVO,1s,mid,2025-03-20,417.2561974786856
1s,QRVO,1s,mid,2025-03-21,100.10396792762579
1s,QRVO,1s,mid,2025-03-24,386.0753059816948
1s,QRVO,1s,mid,2025-03-25,463.0192916375825
1s,QRVO,1s,mid,2025-03-26,413.9909276418597
1s,QRVO,1s,mid,2025-03-27,415.9763532093579
1s,QRVO,1s,mid,2025-03-28,614.4009090477526
1s,QRVO,1s,mid,2025-03-31,754.7084644735128
30s,EURUSD,0ms,touch,2025-03-10,-70.8282830697461
30s,EURUSD,0ms,touch,2025-03-11,19.200660400926456
30s,EURUSD,0ms,touch,2025-03-12,25.70066144113716
30s,EURUSD,0ms,touch,2025-03-13,-23.9458165895928
30s,EURUSD,0ms,touch,2025-03-14,-32.6031238334935
30s,EURUSD,0ms,touch,2025-03-17,5.476071695740401
30s,EURUSD,0ms,touch,2025-03-18,-0.46235471645940457
30s,EURUSD,0ms,touch,2025-03-19,12.800127720244195
30s,EURUSD,0ms,touch,2025-03-20,3.6531705595225636
30s,EURUSD,0ms,touch,2025-03-21,-20.229289769603792
30s,EURUSD,0ms,touch,2025-03-24,-74.4341257277169
30s,EURUSD,0ms,touch,2025-03-25,-0.003770045393051747
30s,EURUSD,0ms,touch,2025-03-26,34.15978037938376
30s,EURUSD,0ms,touch,2025-03-27,-13.824714357990924
30s,EURUSD,0ms,touch,2025-03-28,-12.885991938825837
30s,EURUSD,0ms,touch,2025-03-31,-31.74409975943548
30s,EURUSD,0ms,mid,2025-03-10,-64.40898551843594
30s,EURUSD,0ms,mid,2025-03-11,21.03306378102643
30s,EURUSD,0ms,mid,2025-03-12,29.60592784679613
30s,EURUSD,0ms,mid,2025-03-13,-19.581428738015735
30s,EURUSD,0ms,mid,2025-03-14,-28.017625947966593
30s,EURUSD,0ms,mid,2025-03-17,9.352089339724856
30s,EURUSD,0ms,mid,2025-03-18,3.406835917339501
30s,EURUSD,0ms,mid,2025-03-19,17.37590560463465
30s,EURUSD,0ms,mid,2025-03-20,6.869529965400895
30s,EURUSD,0ms,mid,2025-03-21,-16.09597954856023
30s,EURUSD,0ms,mid,2025-03-24,-69.39702762558528
30s,EURUSD,0ms,mid,2025-03-25,3.2187581107573933
30s,EURUSD,0ms,mid,2025-03-26,37.400346046298175
30s,EURUSD,0ms,mid,2025-03-27,-8.987284713209599
30s,EURUSD,0ms,mid,2025-03-28,-8.751329630064653
30s,EURUSD,0ms,mid,2025-03-31,-26.920773757601914
30s,EURUSD,100ms,touch,2025-03-10,-69.91196902889409
30s,EURUSD,100ms,touch,2025-03-11,19.20066040092577
30s,EURUSD,100ms,touch,2025-03-12,25.700661441137665
30s,EURUSD,100ms,touch,2025-03-13,-23.945816589593534
30s,EURUSD,100ms,touch,2025-03-14,-32.60312383349234
30s,EURUSD,100ms,touch,2025-03-17,5.476071695740183
30s,EURUSD,100ms,touch,2025-03-18,-0.4623547164598133
30s,EURUSD,100ms,touch,2025-03-19,13.714496976919438
30s,EURUSD,100ms,touch,2025-03-20,3.653170559523007
30s,EURUSD,100ms,touch,2025-03-21,-20.22928976960377
30s,EURUSD,100ms,touch,2025-03-24,-74.43412572771753
30s,EURUSD,100ms,touch,2025-03-25,-0.0037700453924493973
30s,EURUSD,100ms,touch,2025-03-26,34.159780379383385
30s,EURUSD,100ms,touch,2025-03-27,-12.903310168920722
30s,EURUSD,100ms,touch,2025-03-28,-11.967847439317515
30s,EURUSD,100ms,touch,2025-03-31,-31.744099759436157
30s,EURUSD,100ms,mid,2025-03-10,-63.950553492081816
30s,EURUSD,100ms,mid,2025-03-11,21.033063781027057
30s,EURUSD,100ms,mid,2025-03-12,29.60592784679621
30s,EURUSD,100ms,mid,2025-03-13,-20.04127109754605
30s,EURUSD,100ms,mid,2025-03-14,-28.017625947966653
30s,EURUSD,100ms,mid,2025-03-17,9.352089339724905
30s,EURUSD,100ms,mid,2025-03-18,3.406835917340705
30s,EURUSD,100ms,mid,2025-03-19,17.83326782639809
30s,EURUSD,100ms,mid,2025-03-20,6.869529965400616
30s,EURUSD,100ms,mid,2025-03-21,-16.09597954856045
30s,EURUSD,100ms,mid,2025-03-24,-69.39702762558555
30s,EURUSD,100ms,mid,2025-03-25,3.218758110758125
30s,EURUSD,100ms,mid,2025-03-26,37.400346046297514
30s,EURUSD,100ms,mid,2025-03-27,-8.065668165787624
30s,EURUSD,100ms,mid,2025-03-28,-8.292098946141866
30s,EURUSD,100ms,mid,2025-03-31,-26.920773757602625
30s,EURUSD,1s,touch,2025-03-10,-66.7030091589992
30s,EURUSD,1s,touch,2025-03-11,17.821556771695622
30s,EURUSD,1s,touch,2025-03-12,24.781250802481686
30s,EURUSD,1s,touch,2025-03-13,-23.94763860487955
30s,EURUSD,1s,touch,2025-03-14,-31.686159335938555
30s,EURUSD,1s,touch,2025-03-17,6.387940100540517
30s,EURUSD,1s,touch,2025-03-18,2.272297293686275
30s,EURUSD,1s,touch,2025-03-19,14.630497554055534
30s,EURUSD,1s,touch,2025-03-20,3.653170559522803
30s,EURUSD,1s,touch,2025-03-21,-20.229289769604005
30s,EURUSD,1s,touch,2025-03-24,-74.43133192868211
30s,EURUSD,1s,touch,2025-03-25,0.9172095300341
30s,EURUSD,1s,touch,2025-03-26,34.159780379382916
30s,EURUSD,1s,touch,2025-03-27,-13.824629051748568
30s,EURUSD,1s,touch,2025-03-28,-12.885824046024014
30s,EURUSD,1s,touch,2025-03-31,-31.74409975943581
30s,EURUSD,1s,mid,2025-03-10,-60.73978355102125
30s,EURUSD,1s,mid,2025-03-11,19.883758567758882
30s,EURUSD,1s,mid,2025-03-12,29.146053917711683
30s,EURUSD,1s,mid,2025-03-13,-19.582625666847786
30s,EURUSD,1s,mid,2025-03-14,-27.100345074248313
30s,EURUSD,1s,mid,2025-03-17,9.808148211546829
30s,EURUSD,1s,mid,2025-03-18,5.6873068613990405
30s,EURUSD,1s,mid,2025-03-19,19.207049099889637
30s,EURUSD,1s,mid,2025-03-20,6.869529965400357
30s,EURUSD,1s,mid,2025-03-21,-16.326022869713213
30s,EURUSD,1s,mid,2025-03-24,-69.39430731039424
30s,EURUSD,1s,mid,2025-03-25,3.6793326656675887
30s,EURUSD,1s,mid,2025-03-26,37.40034604629784
30s,EURUSD,1s,mid,2025-03-27,-9.448060876415711
30s,EURUSD,1s,mid,2025-03-28,-8.75040074003363
30s,EURUSD,1s,mid,2025-03-31,-26.920773757600895
1s,EURUSD,0ms,touch,2025-03-10,-73.14038928786991
1s,EURUSD,0ms,touch,2025-03-11,-86.62506761907625
1s,EURUSD,0ms,touch,2025-03-12,-151.49372863241535
1s,EURUSD,0ms,touch,2025-03-13,-176.19179736653587
1s,EURUSD,0ms,touch,2025-03-14,-161.8502229131647
1s,EURUSD,0ms,touch,2025-03-17,-78.53775237716991
1s,EURUSD,0ms,touch,2025-03-18,-120.70601268098355
1s,EURUSD,0ms,touch,2025-03-19,-125.41831675147588
1s,EURUSD,0ms,touch,2025-03-20,-154.40497104020065
1s,EURUSD,0ms,touch,2025-03-21,-80.18417557001663
1s,EURUSD,0ms,touch,2025-03-24,-60.29583716676232
1s,EURUSD,0ms,touch,2025-03-25,-116.74637348454281
1s,EURUSD,0ms,touch,2025-03-26,-132.66972685606171
1s,EURUSD,0ms,touch,2025-03-27,-104.67238823588876
1s,EURUSD,0ms,touch,2025-03-28,-92.05541995004819
1s,EURUSD,0ms,touch,2025-03-31,-98.11820818075512
1s,EURUSD,0ms,mid,2025-03-10,28.59957249037223
1s,EURUSD,0ms,mid,2025-03-11,3.3710009622386172
1s,EURUSD,0ms,mid,2025-03-12,-25.389057259381342
1s,EURUSD,0ms,mid,2025-03-13,-49.17611572632093
1s,EURUSD,0ms,mid,2025-03-14,-28.03624782242616
1s,EURUSD,0ms,mid,2025-03-17,10.252158481737277
1s,EURUSD,0ms,mid,2025-03-18,-5.6157232978013045
1s,EURUSD,0ms,mid,2025-03-19,-8.744036061906593
1s,EURUSD,0ms,mid,2025-03-20,-45.7891224507096
1s,EURUSD,0ms,mid,2025-03-21,14.697124669523253
1s,EURUSD,0ms,mid,2025-03-24,37.29318523634988
1s,EURUSD,0ms,mid,2025-03-25,-10.827831611404461
1s,EURUSD,0ms,mid,2025-03-26,-28.409956904710686
1s,EURUSD,0ms,mid,2025-03-27,-7.6818999467523925
1s,EURUSD,0ms,mid,2025-03-28,5.482038163183001
1s,EURUSD,0ms,mid,2025-03-31,7.122810398046959
1s,EURUSD,100ms,touch,2025-03-10,-70.3920041772304
1s,EURUSD,100ms,touch,2025-03-11,-85.71114782051002
1s,EURUSD,100ms,touch,2025-03-12,-151.4905812040033
1s,EURUSD,100ms,touch,2025-03-13,-176.18904643955997
1s,EURUSD,100ms,touch,2025-03-14,-164.56469247546906
1s,EURUSD,100ms,touch,2025-03-17,-78.53766987989545
1s,EURUSD,100ms,touch,2025-03-18,-115.30286174025349
1s,EURUSD,100ms,touch,2025-03-19,-123.60928290633167
1s,EURUSD,100ms,touch,2025-03-20,-151.69119031817718
1s,EURUSD,100ms,touch,2025-03-21,-73.79363050127388
1s,EURUSD,100ms,touch,2025-03-24,-52.04563007800682
1s,EURUSD,100ms,touch,2025-03-25,-114.01719619907634
1s,EURUSD,100ms,touch,2025-03-26,-129.93470174146665
1s,EURUSD,100ms,touch,2025-03-27,-99.19323972312833
1s,EURUSD,100ms,touch,2025-03-28,-92.05675897157042
1s,EURUSD,100ms,touch,2025-03-31,-94.45970030648662
1s,EURUSD,100ms,mid,2025-03-10,29.523313825862715
1s,EURUSD,100ms,mid,2025-03-11,7.036918599336326
1s,EURUSD,100ms,mid,2025-03-12,-27.21631811847278
1s,EURUSD,100ms,mid,2025-03-13,-50.09056127570727
1s,EURUSD,100ms,mid,2025-03-14,-29.41284836299692
1s,EURUSD,100ms,mid,2025-03-17,9.79643266583773
1s,EURUSD,100ms,mid,2025-03-18,-0.37928898762321567
1s,EURUSD,100ms,mid,2025-03-19,-6.915343826590053
1s,EURUSD,100ms,mid,2025-03-20,-44.415237301847085
1s,EURUSD,100ms,mid,2025-03-21,18.843140248751062
1s,EURUSD,100ms,mid,2025-03-24,44.69440179185443
1s,EURUSD,100ms,mid,2025-03-25,-8.989780522941206
1s,EURUSD,100ms,mid,2025-03-26,-28.410695869298454
1s,EURUSD,100ms,mid,2025-03-27,-5.377661639960085
1s,EURUSD,100ms,mid,2025-03-28,5.021720795575009
1s,EURUSD,100ms,mid,2025-03-31,10.817361175088998
1s,EURUSD,1s,touch,2025-03-10,-56.1790627357259
1s,EURUSD,1s,touch,2025-03-11,-75.26879901786955
1s,EURUSD,1s,touch,2025-03-12,-140.6556373559232
1s,EURUSD,1s,touch,2025-03-13,-169.85501512951978
1s,EURUSD,1s,touch,2025-03-14,-153.70663633074952
1s,EURUSD,1s,touch,2025-03-17,-77.63935719127777
1s,EURUSD,1s,touch,2025-03-18,-114.84770009896572
1s,EURUSD,1s,touch,2025-03-19,-115.46486621549812
1s,EURUSD,1s,touch,2025-03-20,-137.21382354625607
1s,EURUSD,1s,touch,2025-03-21,-72.88352142388781
1s,EURUSD,1s,touch,2025-03-24,-48.375297159715885
1s,EURUSD,1s,touch,2025-03-25,-104.90665577461276
1s,EURUSD,1s,touch,2025-03-26,-117.1576953400086
1s,EURUSD,1s,touch,2025-03-27,-97.82914526326864
1s,EURUSD,1s,touch,2025-03-28,-84.76236247169216
1s,EURUSD,1s,touch,2025-03-31,-95.37231821843912
1s,EURUSD,1s,mid,2025-03-10,39.01335488442448
1s,EURUSD,1s,mid,2025-03-11,16.883243318211235
1s,EURUSD,1s,mid,2025-03-12,-21.731325183670393
1s,EURUSD,1s,mid,2025-03-13,-49.63361979406571
1s,EURUSD,1s,mid,2025-03-14,-16.111653839488085
1s,EURUSD,1s,mid,2025-03-17,9.3363150967059
1s,EURUSD,1s,mid,2025-03-18,-2.880191637076612
1s,EURUSD,1s,mid,2025-03-19,-9.200167661574357
1s,EURUSD,1s,mid,2025-03-20,-33.67623106306378
1s,EURUSD,1s,mid,2025-03-21,19.301320905620354
1s,EURUSD,1s,mid,2025-03-24,46.55571847460099
1s,EURUSD,1s,mid,2025-03-25,-12.20560618916925
1s,EURUSD,1s,mid,2025-03-26,-16.888415971024767
1s,EURUSD,1s,mid,2025-03-27,-10.44847419466073
1s,EURUSD,1s,mid,2025-03-28,6.863921970905649
1s,EURUSD,1s,mid,2025-03-31,1.5986876908839394
