signal,interval,symbol,delay,fill,final_value,total_ret_pct,round_trips,hit_rate_pct,avg_hold_s,days
SR,30s,NVDA,0ms,touch,964299.2442578634,-3.5700755742136603,104,36.53846153846153,3164.710412723115,16
SR,30s,NVDA,0ms,mid,975802.6115167196,-2.4197388483280458,104,38.46153846153847,3164.710412723115,16
SR,30s,NVDA,100ms,touch,963785.7471263102,-3.6214252873689734,104,37.5,3164.710412723115,16
SR,30s,NVDA,100ms,mid,974829.0589027881,-2.5170941097211963,104,38.46153846153847,3164.710412723115,16
SR,30s,NVDA,1s,touch,965412.0735987028,-3.4587926401297264,104,37.5,3164.710412723115,16
SR,30s,NVDA,1s,mid,976944.5686831487,-2.3055431316851283,104,37.5,3164.710412723115,16
SR,1s,NVDA,0ms,touch,571053.6742320561,-42.894632576794386,3276,31.62393162393162,113.87603287917582,16
SR,1s,NVDA,0ms,mid,818396.1355689638,-18.160386443103615,3276,33.943833943833944,113.87603287917582,16
SR,1s,NVDA,100ms,touch,568560.9303675799,-43.14390696324201,3276,31.837606837606835,113.87603287917582,16
SR,1s,NVDA,100ms,mid,809873.28482457,-19.012671517543,3276,33.82173382173382,113.87603287917582,16
SR,1s,NVDA,1s,touch,553645.6459159993,-44.63543540840007,3276,31.349206349206348,113.87603287917582,16
SR,1s,NVDA,1s,mid,790225.3275029449,-20.977467249705516,3276,33.60805860805861,113.87603287917582,16
SR,30s,QRVO,0ms,touch,1123474.1445628542,12.34741445628542,95,45.26315789473684,3478.7347693152947,16
SR,30s,QRVO,0ms,mid,1219110.779333825,21.911077933382494,95,49.473684210526315,3478.7347693152947,16
SR,30s,QRVO,100ms,touch,1122845.785400109,12.284578540010882,95,45.26315789473684,3478.7347693152947,16
SR,30s,QRVO,100ms,mid,1218769.9610607198,21.87699610607199,95,49.473684210526315,3478.7347693152947,16
SR,30s,QRVO,1s,touch,1121877.1643568566,12.187716435685658,95,45.26315789473684,3478.7347693152947,16
SR,30s,QRVO,1s,mid,1217907.8100544105,21.79078100544105,95,48.421052631578945,3478.7347693152947,16
SR,1s,QRVO,0ms,touch,180684.56297677732,-81.93154370232227,2493,23.94705174488568,149.36574532087965,16
SR,1s,QRVO,0ms,mid,2280410.6363251917,128.04106363251918,2493,45.166466105094266,149.36574532087965,16
SR,1s,QRVO,100ms,touch,176677.6629070848,-82.33223370929153,2493,23.7866024869635,149.36574532087965,16
SR,1s,QRVO,100ms,mid,2271442.2794478443,127.14422794478443,2493,45.20657841957481,149.36574532087965,16
SR,1s,QRVO,1s,touch,155315.95576633478,-84.46840442336652,2493,22.944243882872044,149.36574532087965,16
SR,1s,QRVO,1s,mid,2067365.5570428332,106.73655570428333,2493,43.481748896911355,149.36574532087965,16
SR,30s,EURUSD,0ms,touch,982083.2175659928,-1.7916782434007184,104,27.884615384615387,3188.601626119038,16
SR,30s,EURUSD,0ms,mid,988603.2034520879,-1.1396796547912036,104,32.69230769230769,3188.601626119038,16
SR,30s,EURUSD,100ms,touch,982444.4834601877,-1.7555516539812355,104,27.884615384615387,3188.601626119038,16
SR,30s,EURUSD,100ms,mid,988785.0462425516,-1.121495375744841,104,32.69230769230769,3188.601626119038,16
SR,30s,EURUSD,1s,touch,982984.7792076645,-1.7015220792335417,104,27.884615384615387,3188.601626119038,16
SR,30s,EURUSD,1s,mid,989329.1798564364,-1.0670820143563575,104,32.69230769230769,3188.601626119038,16
SR,1s,EURUSD,0ms,touch,833235.0060269444,-16.676499397305566,2512,22.810509554140125,148.45165968008757,16
SR,1s,EURUSD,0ms,mid,989719.6366120703,-1.0280363387929703,2512,34.91242038216561,148.45165968008757,16
SR,1s,EURUSD,100ms,touch,836615.6015076714,-16.338439849232856,2512,22.770700636942674,148.45165968008757,16
SR,1s,EURUSD,100ms,mid,992428.4889524886,-0.7571511047511414,2512,34.99203821656051,148.45165968008757,16
SR,1s,EURUSD,1s,touch,846053.0289732362,-15.39469710267638,2512,23.248407643312103,148.45165968008757,16
SR,1s,EURUSD,1s,mid,996636.10644877,-0.3363893551230013,2512,35.54936305732484,148.45165968008757,16
